F1 code,F0 code,Rep,source,F0parasite,F0temp,F1parasite,F1temp,Body.size,Embedded.spore,Penetrated.spore,attack,gut.resistance,Hemocytes,Hemocytes.per.spore,lifespan,infection,mean foregut width,totalbaby,ageatfirst,firstclutch,earlydeath,maturetrans,infection.status
UC1,UC1,1,UC1,control,control,control,control,1252.99,,,,,,,71,,,176,12,6,0,,control
UC2,UC2,2,UC22,control,control,control,control,1172.33,,,,,,,68,,,176,12,6,0,,control
UC6,UC6,6,UC6,control,control,control,control,1166.15,,,,,,,82,,,209,10,2,0,,control
UC7,UC7,7,UC7,control,control,control,control,1448.15,,,,,,,64,,,169,8,2,0,,control
UC8,UC8,8,UC8,control,control,control,control,977.18,,,,,,,64,,,125,12,4,0,,control
UC9,UC9,9,UC9,control,control,control,control,1397.63,,,,,,,53,,,132,8,4,0,,control
UC10,UC10,10,UC23,control,control,control,control,1465.36,,,,,,,11,,,4,9,4,0,,control
UC12,UC12,12,UC21,control,control,control,control,1335.62,,,,,,,36,,,69,10,5,0,,control
UC13,UC13,13,UC13,control,control,control,control,1242.51,,,,,,,49,,,128,10,6,0,,control
UC14,UC14,14,UC14,control,control,control,control,1312.88,,,,,,,,,,77,9,2,0,,control
UC15,UC15,15,UC15,control,control,control,control,1264.37,,,,,,,71,,,160,10,3,0,,control
UC18,UC18,18,UC17,control,control,control,control,1186.67,,,,,,,56,,,110,10,5,0,,control
UC19,UC19,19,UC19,control,control,control,control,1491.82,,,,,,,50,,,201,10,5,0,,control
UC20,UC20,20,UC10,control,control,control,control,1154.94,,,,,,,23,,,30,10,5,0,,control
IC1,UC1,1,UC1,control,control,infection,control,1260.36,7,2,9,0.777777778,0,0,,,16.90333333,0,,,1,,
IC2,UC2,2,UC22,control,control,infection,control,1107.8,3,10,13,0.230769231,64,6.4,20,1,16.1,18,12,6,0,822500,exposed-infected
IC6,UC6,6,UC6,control,control,infection,control,1118.18,3,8,11,0.272727273,14,1.75,36,0,16.86666667,58,8,3,0,0,exposed-uninfected
IC8,UC8,8,UC8,control,control,infection,control,944.22,5,6,11,0.454545455,29,4.833333333,8,0,17.69666667,0,,,1,0,exposed-uninfected
IC9,UC9,9,UC9,control,control,infection,control,1378.95,4,4,8,0.5,22,5.5,20,1,15.79333333,20,9,2,0,960000,exposed-infected
IC10,UC10,10,UC23,control,control,infection,control,1411.88,6,6,12,0.5,33,5.5,15,1,18.30333333,14,7,1,0,385000,exposed-infected
IC12,UC12,12,UC21,control,control,infection,control,1287.86,7,6,13,0.538461538,28,4.666666667,57,0,18.27333333,96,8,2,0,0,exposed-uninfected
IC13,UC13,13,UC13,control,control,infection,control,897.84,3,2,5,0.6,29,14.5,15,1,12.32,9,12,5,0,410000,exposed-infected
IC14,UC14,14,UC14,control,control,infection,control,1432.14,5,2,7,0.714285714,3,1.5,17,0,15.42,21,9,4,0,0,exposed-uninfected
IC15,UC15,15,UC15,control,control,infection,control,1317.62,5,6,11,0.454545455,23,3.833333333,17,1,21.38333333,19,8,4,0,530000,exposed-infected
IC18,UC18,18,UC17,control,control,infection,control,1157.74,4,5,9,0.444444444,25,5,56,0,15.87333333,104,10,4,0,0,exposed-uninfected
IC20,UC20,20,UC10,control,control,infection,control,1141.58,1,0,1,1,0,,20,0,14.64,12,10,4,0,0,exposed-uninfected
UW1,UC1,1,UC1,control,control,control,warming,1414.39,,,,,,,50,,,91,6,3,0,,control
UW2,UC2,2,UC22,control,control,control,warming,1123.89,,,,,,,33,,,85,10,5,0,,control
UW6,UC6,6,UC6,control,control,control,warming,1217.77,,,,,,,36,,,86,8,2,0,,control
UW7,UC7,7,UC7,control,control,control,warming,1489.58,,,,,,,33,,,98,6,3,0,,control
UW8,UC8,8,UC8,control,control,control,warming,1303.77,,,,,,,29,,,77,7,6,0,,control
UW9,UC9,9,UC9,control,control,control,warming,1378.41,,,,,,,32,,,77,7,3,0,,control
UW12,UC12,12,UC21,control,control,control,warming,1303.83,,,,,,,20,,,51,6,2,0,,control
UW13,UC13,13,UC13,control,control,control,warming,1238.07,,,,,,,28,,,72,8,2,0,,control
UW14,UC14,14,UC14,control,control,control,warming,1128.16,,,,,,,39,,,78,8,3,0,,control
UW18,UC18,18,UC17,control,control,control,warming,1132.23,,,,,,,28,,,61,8,3,0,,control
UW19,UC19,19,UC19,control,control,control,warming,899.78,,,,,,,29,,,66,10,3,0,,control
UW20,UC20,20,UC10,control,control,control,warming,1174.8,,,,,,,32,,,75,8,4,0,,control
IW1,UC1,1,UC1,control,control,infection,warming,1493.66,6,4,10,0.6,9,2.25,13,1,22.02333333,24,6,4,0,2500,exposed-infected
IW2,UC2,2,UC22,control,control,infection,warming,1198.13,7,13,20,0.35,20,1.538461538,,,17.35666667,0,,,1,,
IW7,UC7,7,UC7,control,control,infection,warming,1215.41,2,3,5,0.4,14,4.666666667,16,1,17.04,22,7,4,0,217500,exposed-infected
IW8,UC8,8,UC8,control,control,infection,warming,1383.5,8,7,15,0.533333333,8,1.142857143,15,1,18.75666667,25,8,5,0,1345000,exposed-infected
IW9,UC9,9,UC9,control,control,infection,warming,992.33,5,4,9,0.555555556,8,2,46,0,16.23333333,75,7,2,0,0,exposed-uninfected
IW10,UC10,10,UC23,control,control,infection,warming,1408.91,5,7,12,0.416666667,20,2.857142857,14,1,16.99666667,30,7,3,0,420000,exposed-infected
IW14,UC14,14,UC14,control,control,infection,warming,1302.08,5,2,7,0.714285714,0,0,19,1,16.32333333,37,7,3,0,5000,exposed-infected
IW15,UC15,15,UC15,control,control,infection,warming,1410.54,5,6,11,0.454545455,24,4,14,1,19.74333333,29,6,5,0,907500,exposed-infected
IW18,UC18,18,UC17,control,control,infection,warming,1150.59,4,7,11,0.363636364,2,0.285714286,28,1,14.64333333,41,8,2,0,32500,exposed-infected
IW19,UC19,19,UC19,control,control,infection,warming,1294.67,5,5,10,0.5,0,0,7,0,17.16666667,1,7,1,0,0,exposed-uninfected
IW20,UC20,20,UC10,control,control,infection,warming,1115.32,2,8,10,0.2,20,2.5,49,0,16.69,74,8,3,0,0,exposed-uninfected
UC1,IC1,1,IC22,infection,control,control,control,1020.54,,,,,,,54,,,98,10,2,0,,control
UC2,IC2,2,IC2,infection,control,control,control,1128.36,,,,,,,54,,,130,11,5,0,,control
UC4,IC4,4,IC35,infection,control,control,control,1356.51,,,,,,,43,,,138,8,6,0,,control
UC5,IC5,5,IC10,infection,control,control,control,1428.02,,,,,,,35,,,65,8,2,0,,control
UC8,IC8,8,IC8,infection,control,control,control,1354.65,,,,,,,54,,,68,9,3,0,,control
UC9,IC9,9,IC9,infection,control,control,control,1403.54,,,,,,,57,,,104,9,2,0,,control
UC10,IC10,10,IC31,infection,control,control,control,1352.24,,,,,,,61,,,150,8,4,0,,control
UC11,IC11,11,IC23,infection,control,control,control,969.02,,,,,,,36,,,92,12,3,0,,control
UC12,IC12,12,IC26,infection,control,control,control,1104.33,,,,,,,71,,,179,11,4,0,,control
UC13,IC13,13,IC13,infection,control,control,control,1242.33,,,,,,,67,,,134,10,5,0,,control
UC14,IC14,14,IC14,infection,control,control,control,1244.55,,,,,,,70,,,196,9,4,0,,control
UC15,IC15,15,IC34,infection,control,control,control,1273.2,,,,,,,9,,,2,8,2,0,,control
UC17,IC17,17,IC17,infection,control,control,control,1301.38,,,,,,,28,,,29,10,6,0,,control
UC18,IC18,18,IC18,infection,control,control,control,1217.43,,,,,,,49,,,104,10,6,0,,control
UC19,IC19,19,IC19,infection,control,control,control,1325.01,,,,,,,71,,,180,8,6,0,,control
UC20,IC20,20,IC33,infection,control,control,control,1329.98,,,,,,,63,,,154,9,4,0,,control
IC1,IC1,1,IC22,infection,control,infection,control,1063.58,4,7,11,0.363636364,21,3,29,0,18.76,26,10,3,0,,exposed-uninfected
IC2,IC2,2,IC2,infection,control,infection,control,1243.98,4,2,6,0.666666667,10,5,22,1,21.78666667,21,11,3,0,1267500,exposed-infected
IC3,IC3,3,IC30,infection,control,infection,control,1037.04,1,1,2,0.5,0,0,29,0,14.06666667,51,13,6,0,0,exposed-uninfected
IC4,IC4,4,IC35,infection,control,infection,control,1145.52,6,9,15,0.4,78,8.666666667,57,0,16.94333333,132,10,4,0,0,exposed-uninfected
IC6,IC6,6,IC6,infection,control,infection,control,857.82,7,4,11,0.636363636,26,6.5,8,0,14.72666667,0,,,1,0,exposed-uninfected
IC8,IC8,8,IC8,infection,control,infection,control,727.1,1,2,3,0.333333333,1,0.5,12,0,10.02666667,0,,,1,,exposed-uninfected
IC10,IC10,10,IC31,infection,control,infection,control,1406.54,3,9,12,0.25,43,4.777777778,8,,22.48333333,4,,,1,0,
IC11,IC11,11,IC23,infection,control,infection,control,1372.24,5,3,8,0.625,4,1.333333333,25,1,24.93666667,30,8,4,0,697500,exposed-infected
IC12,IC12,12,IC26,infection,control,infection,control,951.67,5,2,7,0.714285714,1,0.5,8,0,17.29666667,0,,,1,0,exposed-uninfected
IC13,IC13,13,IC13,infection,control,infection,control,1193.85,6,5,11,0.545454545,7,1.4,23,1,18.67333333,19,9,5,0,372500,exposed-infected
IC14,IC14,14,IC14,infection,control,infection,control,1178.75,4,5,9,0.444444444,2,0.4,15,0,15.18333333,11,10,4,0,0,exposed-uninfected
IC15,IC15,15,IC34,infection,control,infection,control,1242.41,1,5,6,0.166666667,30,6,21,1,19.29,27,8,3,0,377500,exposed-infected
IC17,IC17,17,IC17,infection,control,infection,control,1307.11,5,9,14,0.357142857,4,0.444444444,49,0,17.59,106,10,6,0,0,exposed-uninfected
IC18,IC18,18,IC18,infection,control,infection,control,970.78,2,9,11,0.181818182,30,3.333333333,18,1,16.23,24,11,4,0,150000,exposed-infected
IC19,IC19,19,IC19,infection,control,infection,control,1330.29,4,2,6,0.666666667,2,1,19,1,15.62,27,10,5,0,160000,exposed-infected
IC20,IC20,20,IC33,infection,control,infection,control,1325.45,3,3,6,0.5,37,12.33333333,15,1,17.26333333,12,9,4,0,252500,exposed-infected
UW1,IC1,1,IC22,infection,control,control,warming,1304.05,,,,,,,29,,,65,8,3,0,,control
UW3,IC3,3,IC30,infection,control,control,warming,1299.4,,,,,,,47,,,90,7,5,0,,control
UW4,IC4,4,IC35,infection,control,control,warming,926.11,,,,,,,29,,,78,10,2,0,,control
UW5,IC5,5,IC10,infection,control,control,warming,1249.03,,,,,,,28,,,57,6,2,0,,control
UW8,IC8,8,IC8,infection,control,control,warming,1262.96,,,,,,,50,,,116,7,1,0,,control
UW10,IC10,10,IC31,infection,control,control,warming,1440.89,,,,,,,40,,,106,6,4,0,,control
UW11,IC11,11,IC23,infection,control,control,warming,1484.57,,,,,,,50,,,137,6,3,0,,control
UW12,IC12,12,IC26,infection,control,control,warming,1231.32,,,,,,,43,,,111,7,5,0,,control
UW13,IC13,13,IC13,infection,control,control,warming,1077.56,,,,,,,53,,,98,8,2,0,,control
UW14,IC14,14,IC14,infection,control,control,warming,1129.99,,,,,,,53,,,90,9,2,0,,control
UW15,IC15,15,IC34,infection,control,control,warming,1464.22,,,,,,,29,,,119,6,5,0,,control
UW16,IC16,16,IC16,infection,control,control,warming,1392.43,,,,,,,49,,,139,7,4,0,,control
UW17,IC17,17,IC17,infection,control,control,warming,1083.91,,,,,,,42,,,81,8,2,0,,control
UW18,IC18,18,IC18,infection,control,control,warming,1196,,,,,,,53,,,121,8,4,0,,control
UW19,IC19,19,IC19,infection,control,control,warming,1503.48,,,,,,,29,,,89,6,5,0,,control
UW20,IC20,20,IC33,infection,control,control,warming,1241.3,,,,,,,32,,,74,8,5,0,,control
IW1,IC1,1,IC22,infection,control,infection,warming,1138.79,6,5,11,0.545454545,10,2,16,1,18.23,14,9,2,0,222500,exposed-infected
IW2,IC2,2,IC2,infection,control,infection,warming,1448.41,11,9,20,0.55,44,4.888888889,16,1,22.47333333,33,6,3,0,730000,exposed-infected
IW3,IC3,3,IC30,infection,control,infection,warming,1297.84,8,4,12,0.666666667,24,6,33,0,20.79333333,71,7,3,0,0,exposed-uninfected
IW5,IC5,5,IC10,infection,control,infection,warming,1309.46,2,11,13,0.153846154,33,3,13,1,18.85333333,26,6,4,0,240000,exposed-infected
IW10,IC10,10,IC31,infection,control,infection,warming,1203.26,3,4,7,0.428571429,13,3.25,13,1,21.92,2,7,2,0,5000,exposed-infected
IW11,IC11,11,IC23,infection,control,infection,warming,1215.64,7,4,11,0.636363636,6,1.5,47,0,26.15,79,7,3,0,0,exposed-uninfected
IW13,IC13,13,IC13,infection,control,infection,warming,1187.14,5,5,10,0.5,4,0.8,32,0,19.18333333,74,8,3,0,0,exposed-uninfected
IW14,IC14,14,IC14,infection,control,infection,warming,1107.32,10,6,16,0.625,1,0.166666667,49,0,16.8,86,8,4,0,0,exposed-uninfected
IW15,IC15,15,IC34,infection,control,infection,warming,1188.2,8,12,20,0.4,13,1.083333333,15,1,18.75333333,15,8,2,0,390000,exposed-infected
IW17,IC17,17,IC17,infection,control,infection,warming,1183.19,3,9,12,0.25,24,2.666666667,28,0,20.18,66,8,4,0,0,exposed-uninfected
IW18,IC18,18,IC18,infection,control,infection,warming,1135.96,3,6,9,0.333333333,14,2.333333333,13,1,13.65666667,16,11,8,0,790000,exposed-infected
IW19,IC19,19,IC19,infection,control,infection,warming,683.79,1,2,3,0.333333333,17,8.5,54,0,10.91666667,104,13,3,0,,exposed-uninfected
IW20,IC20,20,IC33,infection,control,infection,warming,1473.19,5,7,12,0.416666667,24,3.428571429,13,1,22.59,30,5,4,0,1292500,exposed-infected
UC1,UW1,1,UW1,control,warming,control,control,1308.18,,,,,,,66,,,184,8,2,0,,control
UC2,UW2,2,UW2,control,warming,control,control,1381.6,,,,,,,77,,,179,8,4,0,,control
UC3,UW3,3,UW3,control,warming,control,control,1405.58,,,,,,,66,,,153,8,5,0,,control
UC4,UW4,4,UW21,control,warming,control,control,1378.85,,,,,,,49,,,102,8,5,0,,control
UC5,UW5,5,UW5,control,warming,control,control,1497.72,,,,,,,52,,,130,7,4,0,,control
UC6,UW6,6,UW6,control,warming,control,control,1445.33,,,,,,,31,,,73,8,4,0,,control
UC7,UW7,7,UW24,control,warming,control,control,1223.64,,,,,,,70,,,165,10,2,0,,control
UC8,UW8,8,UW8,control,warming,control,control,1291.56,,,,,,,77,,,214,8,4,0,,control
UC9,UW9,9,UW9,control,warming,control,control,1388.99,,,,,,,84,,,151,8,4,0,,control
UC10,UW10,10,UW10,control,warming,control,control,1121.9,,,,,,,52,,,193,11,6,0,,control
UC11,UW11,11,UW11,control,warming,control,control,1182.78,,,,,,,56,,,99,8,3,0,,control
UC13,UW13,13,UW13,control,warming,control,control,1301.67,,,,,,,25,,,56,8,4,0,,control
UC14,UW14,14,UW7,control,warming,control,control,1382.63,,,,,,,66,,,192,8,4,0,,control
UC15,UW15,15,UW15,control,warming,control,control,1241.54,,,,,,,59,,,154,8,1,0,,control
UC16,UW16,16,UW14,control,warming,control,control,1426.61,,,,,,,62,,,181,8,6,0,,control
UC17,UW17,17,UW17,control,warming,control,control,1381.45,,,,,,,80,,,178,8,3,0,,control
UC18,UW18,18,UW22,control,warming,control,control,1466.01,,,,,,,73,,,178,8,4,0,,control
UC19,UW19,19,UW19,control,warming,control,control,1365.72,,,,,,,13,,,9,8,3,0,,control
UC20,UW20,20,UW20,control,warming,control,control,1425.67,,,,,,,,,,139,8,4,0,,control
IC1,UW1,1,UW1,control,warming,infection,control,1367.66,6,6,12,0.5,27,4.5,8,0,23.02,2,8,2,0,0,exposed-uninfected
IC2,UW2,2,UW2,control,warming,infection,control,1221.53,5,10,15,0.333333333,40,4,17,1,20.47666667,25,8,2,0,657500,exposed-infected
IC3,UW3,3,UW3,control,warming,infection,control,1379.93,3,13,16,0.1875,85,6.538461538,21,1,17.32,21,8,3,0,1087500,exposed-infected
IC4,UW4,4,UW21,control,warming,infection,control,1427.49,2,7,9,0.222222222,9,1.285714286,70,0,22.8,159,9,3,0,0,exposed-uninfected
IC5,UW5,5,UW5,control,warming,infection,control,1424.85,3,13,16,0.1875,37,2.846153846,18,1,22.7,32,8,3,0,95000,exposed-infected
IC6,UW6,6,UW6,control,warming,infection,control,1376.81,9,0,9,1,0,,17,0,20.96,15,9,5,0,0,exposed-uninfected
IC7,UW7,7,UW24,control,warming,infection,control,1303.08,9,8,17,0.529411765,10,1.25,11,0,21.60333333,8,8,2,0,0,exposed-uninfected
IC8,UW8,8,UW8,control,warming,infection,control,1252.27,7,13,20,0.35,97,7.461538462,23,1,21.27,30,8,3,0,1020000,exposed-infected
IC9,UW9,9,UW9,control,warming,infection,control,1366.48,2,10,12,0.166666667,61,6.1,23,1,23.14666667,21,8,1,0,1935000,exposed-infected
IC11,UW11,11,UW11,control,warming,infection,control,1212.8,4,18,22,0.181818182,38,2.111111111,17,1,20.45666667,9,9,1,0,162500,exposed-infected
IC13,UW13,13,UW13,control,warming,infection,control,1209.03,12,6,18,0.666666667,9,1.5,66,0,22.02666667,119,8,2,0,0,exposed-uninfected
IC14,UW14,14,UW7,control,warming,infection,control,1398.75,6,13,19,0.315789474,70,5.384615385,21,1,22.16333333,35,9,14,0,1542500,exposed-infected
IC15,UW15,15,UW15,control,warming,infection,control,1261.14,4,11,15,0.266666667,45,4.090909091,59,0,19.98333333,138,8,2,0,0,exposed-uninfected
IC16,UW16,16,UW14,control,warming,infection,control,1341.8,7,9,16,0.4375,32,3.555555556,21,1,15.96333333,15,11,5,0,1240000,exposed-infected
IC17,UW17,17,UW17,control,warming,infection,control,1476.65,4,18,22,0.181818182,82,4.555555556,8,0,22.65333333,0,,,1,0,exposed-uninfected
IC18,UW18,18,UW22,control,warming,infection,control,1444.01,4,9,13,0.307692308,16,1.777777778,19,1,22.31666667,22,8,1,0,875000,exposed-infected
IC19,UW19,19,UW19,control,warming,infection,control,1384.16,3,5,8,0.375,5,1,18,1,22.21333333,26,8,3,0,857500,exposed-infected
IC20,UW20,20,UW20,control,warming,infection,control,1508.29,7,8,15,0.466666667,68,8.5,24,1,22.69,20,8,2,0,987500,exposed-infected
UW1,UW1,1,UW1,control,warming,control,warming,1438.28,,,,,,,42,,,75,6,5,0,,control
UW2,UW2,2,UW2,control,warming,control,warming,1529.27,,,,,,,52,,,116,6,5,0,,control
UW3,UW3,3,UW3,control,warming,control,warming,1526.13,,,,,,,42,,,113,6,6,0,,control
UW4,UW4,4,UW21,control,warming,control,warming,1258.42,,,,,,,52,,,77,7,1,0,,control
UW5,UW5,5,UW5,control,warming,control,warming,1550.81,,,,,,,28,,,51,6,5,0,,control
UW6,UW6,6,UW6,control,warming,control,warming,1271.31,,,,,,,56,,,116,7,2,0,,control
UW8,UW8,8,UW8,control,warming,control,warming,1417.17,,,,,,,42,,,107,6,3,0,,control
UW9,UW9,9,UW9,control,warming,control,warming,1497.27,,,,,,,49,,,117,6,4,0,,control
UW10,UW10,10,UW10,control,warming,control,warming,1498.16,,,,,,,56,,,148,6,5,0,,control
UW11,UW11,11,UW11,control,warming,control,warming,1477.53,,,,,,,9,,,9,6,2,0,,control
UW13,UW13,13,UW13,control,warming,control,warming,1300.26,,,,,,,70,,,142,6,2,0,,control
UW14,UW14,14,UW7,control,warming,control,warming,1381.46,,,,,,,35,,,84,7,3,0,,control
UW15,UW15,15,UW15,control,warming,control,warming,1464.97,,,,,,,52,,,175,6,5,0,,control
UW16,UW16,16,UW14,control,warming,control,warming,1311.12,,,,,,,51,,,145,7,2,0,,control
UW17,UW17,17,UW17,control,warming,control,warming,1485.38,,,,,,,35,,,92,6,2,0,,control
UW18,UW18,18,UW22,control,warming,control,warming,1358,,,,,,,49,,,123,7,2,0,,control
UW19,UW19,19,UW19,control,warming,control,warming,1282.82,,,,,,,66,,,146,7,4,0,,control
UW20,UW20,20,UW20,control,warming,control,warming,1350.92,,,,,,,,,,125,7,1,0,,control
IW1,UW1,1,UW1,control,warming,infection,warming,1488.41,12,4,16,0.75,0,0,16,0,22.84,21,8,5,0,0,exposed-uninfected
IW2,UW2,2,UW2,control,warming,infection,warming,1463.78,3,6,9,0.333333333,12,2,15,1,23.19333333,27,6,5,0,677500,exposed-infected
IW3,UW3,3,UW3,control,warming,infection,warming,1506.55,2,1,3,0.666666667,0,0,31,0,21.74333333,62,6,5,0,0,exposed-uninfected
IW4,UW4,4,UW21,control,warming,infection,warming,1397.62,2,7,9,0.222222222,25,3.571428571,13,1,25.77,18,7,3,0,72500,exposed-infected
IW5,UW5,5,UW5,control,warming,infection,warming,1521.74,1,2,3,0.333333333,8,4,14,1,24.04666667,23,6,8,0,472500,exposed-infected
IW6,UW6,6,UW6,control,warming,infection,warming,1375.47,5,8,13,0.384615385,40,5,13,0,22.21,12,7,3,0,0,exposed-uninfected
IW7,UW7,7,UW24,control,warming,infection,warming,1348.41,0,3,3,0,0,0,9,0,21.42333333,5,6,4,0,0,exposed-uninfected
IW8,UW8,8,UW8,control,warming,infection,warming,1514.1,1,6,7,0.142857143,15,2.5,14,1,21.47,20,6,4,0,795000,exposed-infected
IW9,UW9,9,UW9,control,warming,infection,warming,1539.62,4,3,7,0.571428571,6,2,15,0,22.96,25,6,4,0,0,exposed-uninfected
IW10,UW10,10,UW10,control,warming,infection,warming,1506.44,4,1,5,0.8,11,11,14,1,20.59,18,6,3,0,67500,exposed-infected
IW11,UW11,11,UW11,control,warming,infection,warming,1375.96,3,6,9,0.333333333,7,1.166666667,12,1,21.15,11,7,5,0,7500,exposed-infected
IW13,UW13,13,UW13,control,warming,infection,warming,1291.79,5,11,16,0.3125,33,3,9,0,20.19333333,3,6,2,0,0,exposed-uninfected
IW14,UW14,14,UW7,control,warming,infection,warming,1309.16,1,8,9,0.111111111,49,6.125,15,1,19.42666667,16,7,4,0,935000,exposed-infected
IW15,UW15,15,UW15,control,warming,infection,warming,1439.73,5,5,10,0.5,9,1.8,14,1,20.90666667,11,8,4,0,1050000,exposed-infected
IW16,UW16,16,UW14,control,warming,infection,warming,1286.24,2,6,8,0.25,10,1.666666667,14,1,17.71666667,12,7,5,0,282500,exposed-infected
IW17,UW17,17,UW17,control,warming,infection,warming,1323.84,1,3,4,0.25,3,1,10,0,21.65333333,9,7,4,0,0,exposed-uninfected
IW18,UW18,18,UW22,control,warming,infection,warming,1370.39,4,3,7,0.571428571,4,1.333333333,19,0,20.78,21,7,3,0,0,exposed-uninfected
IW19,UW19,19,UW19,control,warming,infection,warming,1231.97,5,6,11,0.454545455,5,0.833333333,35,0,19.66666667,53,7,2,0,0,exposed-uninfected
IW20,UW20,20,UW20,control,warming,infection,warming,1312.68,2,2,4,0.5,4,2,15,1,17.52,12,8,1,0,487500,exposed-infected
UC1,IW1,1,IW26,infection,warming,control,control,1389.3,,,,,,,63,,,181,8,4,0,,control
UC2,IW2,2,IW27,infection,warming,control,control,1357.07,,,,,,,59,,,145,8,4,0,,control
UC3,IW3,3,IW21,infection,warming,control,control,1318.52,,,,,,,70,,,212,8,5,0,,control
UC4,IW4,4,IW4,infection,warming,control,control,1336.9,,,,,,,31,,,60,8,4,0,,control
UC6,IW6,6,IW6,infection,warming,control,control,1407.46,,,,,,,69,,,150,9,2,0,,control
UC7,IW7,7,IW7,infection,warming,control,control,1395.88,,,,,,,51,,,135,8,5,0,,control
UC8,IW8,8,IW8,infection,warming,control,control,1427.32,,,,,,,52,,,125,8,3,0,,control
UC9,IW9,9,IW9,infection,warming,control,control,1190.51,,,,,,,76,,,179,8,1,0,,control
UC10,IW10,10,IW10,infection,warming,control,control,864.59,,,,,,,70,,,216,13,3,0,,control
UC11,IW11,11,IW11,infection,warming,control,control,1307,,,,,,,63,,,173,8,4,0,,control
UC12,IW12,12,IW29,infection,warming,control,control,1335.12,,,,,,,63,,,162,8,3,0,,control
UC13,IW13,13,IW13,infection,warming,control,control,1396.76,,,,,,,80,,,194,8,4,0,,control
UC14,IW14,14,IW14,infection,warming,control,control,1345.28,,,,,,,66,,,171,8,4,0,,control
UC15,IW15,15,IW15,infection,warming,control,control,1359.33,,,,,,,65,,,198,9,3,0,,control
UC16,IW16,16,IW3,infection,warming,control,control,1403.08,,,,,,,62,,,165,8,4,0,,control
UC17,IW17,17,IW17,infection,warming,control,control,1372.74,,,,,,,58,,,105,9,5,0,,control
UC18,IW18,18,IW18,infection,warming,control,control,1440.6,,,,,,,62,,,158,8,5,0,,control
UC19,IW19,19,IW19,infection,warming,control,control,1276.27,,,,,,,69,,,160,8,4,0,,control
UC20,IW20,20,IW22,infection,warming,control,control,1407.9,,,,,,,19,,,31,8,4,0,,control
IC1,IW1,1,IW26,infection,warming,infection,control,1343,5,5,10,0.5,46,9.2,17,1,17.47333333,27,8,3,0,72500,exposed-infected
IC2,IW2,2,IW27,infection,warming,infection,control,1323.71,1,6,7,0.142857143,22,3.666666667,21,1,20.65666667,32,8,3,0,1055000,exposed-infected
IC3,IW3,3,IW21,infection,warming,infection,control,1233.5,3,4,7,0.428571429,44,11,16,1,17.95,23,8,2,0,37500,exposed-infected
IC4,IW4,4,IW4,infection,warming,infection,control,1324.08,8,8,16,0.5,38,4.75,73,0,17.76333333,154,11,8,0,,exposed-uninfected
IC6,IW6,6,IW6,infection,warming,infection,control,1446.26,4,3,7,0.571428571,23,7.666666667,14,1,21.05333333,6,10,1,0,17500,exposed-infected
IC7,IW7,7,IW7,infection,warming,infection,control,1387.46,5,5,10,0.5,14,2.8,37,0,19.57,73,8,1,0,0,exposed-uninfected
IC8,IW8,8,IW8,infection,warming,infection,control,1383.93,5,2,7,0.714285714,6,3,18,1,19.68333333,25,8,5,0,80000,exposed-infected
IC9,IW9,9,IW9,infection,warming,infection,control,1317.92,4,10,14,0.285714286,55,5.5,17,1,22.14666667,20,8,4,0,105000,exposed-infected
IC10,IW10,10,IW10,infection,warming,infection,control,1258.72,7,11,18,0.388888889,58,5.272727273,17,1,21.39666667,15,8,2,0,335000,exposed-infected
IC11,IW11,11,IW11,infection,warming,infection,control,1359.04,10,14,24,0.416666667,68,4.857142857,20,1,20.79666667,30,8,4,0,1302500,exposed-infected
IC12,IW12,12,IW29,infection,warming,infection,control,1297.91,1,8,9,0.111111111,36,4.5,24,1,21.52,30,8,2,0,1227500,exposed-infected
IC13,IW13,13,IW13,infection,warming,infection,control,1307.75,7,9,16,0.4375,54,6,26,1,21.02,36,8,1,0,1612500,exposed-infected
IC14,IW14,14,IW14,infection,warming,infection,control,1414.39,6,5,11,0.545454545,23,4.6,21,1,22.94666667,30,8,4,0,1347500,exposed-infected
IC15,IW15,15,IW15,infection,warming,infection,control,1462.7,5,14,19,0.263157895,50,3.571428571,7,0,21.42333333,0,,,1,0,exposed-uninfected
IC16,IW16,16,IW3,infection,warming,infection,control,1470.55,4,9,13,0.307692308,39,4.333333333,7,0,21.44,0,,,1,0,exposed-uninfected
IC17,IW17,17,IW17,infection,warming,infection,control,1408.95,4,7,11,0.363636364,29,4.142857143,69,0,20.49333333,188,8,2,0,0,exposed-uninfected
IC18,IW18,18,IW18,infection,warming,infection,control,1391.51,9,9,18,0.5,32,3.555555556,25,1,19.28333333,31,8,2,0,1170000,exposed-infected
IC19,IW19,19,IW19,infection,warming,infection,control,1350.22,7,6,13,0.538461538,24,4,12,0,19.78333333,5,8,5,0,0,exposed-uninfected
IC20,IW20,20,IW22,infection,warming,infection,control,1435.14,9,6,15,0.6,20,3.333333333,23,1,23.43666667,23,8,5,0,1042500,exposed-infected
UW1,IW1,1,IW26,infection,warming,control,warming,1538.26,,,,,,,38,,,96,8,7,0,,control
UW2,IW2,2,IW27,infection,warming,control,warming,1192.6,,,,,,,42,,,70,7,1,0,,control
UW3,IW3,3,IW21,infection,warming,control,warming,1218.87,,,,,,,45,,,88,7,4,0,,control
UW4,IW4,4,IW4,infection,warming,control,warming,1198.13,,,,,,,13,,,11,7,3,0,,control
UW6,IW6,6,IW6,infection,warming,control,warming,1285.54,,,,,,,51,,,80,7,3,0,,control
UW7,IW7,7,IW7,infection,warming,control,warming,1385.31,,,,,,,34,,,77,6,3,0,,control
UW8,IW8,8,IW8,infection,warming,control,warming,1209.48,,,,,,,9,,,8,7,8,0,,control
UW9,IW9,9,IW9,infection,warming,control,warming,1223,,,,,,,44,,,103,8,6,0,,control
UW10,IW10,10,IW10,infection,warming,control,warming,1384.33,,,,,,,,,,105,7,6,0,,control
UW11,IW11,11,IW11,infection,warming,control,warming,1474,,,,,,,6,,,4,,,1,,control
UW12,IW12,12,IW29,infection,warming,control,warming,1254.07,,,,,,,42,,,54,7,4,0,,control
UW13,IW13,13,IW13,infection,warming,control,warming,1431.05,,,,,,,49,,,107,6,4,0,,control
UW15,IW15,15,IW15,infection,warming,control,warming,1370.02,,,,,,,51,,,111,7,6,0,,control
UW16,IW16,16,IW3,infection,warming,control,warming,1277.64,,,,,,,41,,,73,7,2,0,,control
UW17,IW17,17,IW17,infection,warming,control,warming,1316.53,,,,,,,7,,,3,7,3,0,,control
UW18,IW18,18,IW18,infection,warming,control,warming,1267.38,,,,,,,44,,,85,7,4,0,,control
UW19,IW19,19,IW19,infection,warming,control,warming,1386.99,,,,,,,34,,,68,7,5,0,,control
UW20,IW20,20,IW22,infection,warming,control,warming,1307.75,,,,,,,48,,,99,6,3,0,,control
IW1,IW1,1,IW26,infection,warming,infection,warming,1407.49,2,5,7,0.285714286,15,3,13,1,24.36,17,6,5,0,75000,exposed-infected
IW2,IW2,2,IW27,infection,warming,infection,warming,1317.85,2,4,6,0.333333333,15,3.75,14,1,19.45,23,7,5,0,725000,exposed-infected
IW3,IW3,3,IW21,infection,warming,infection,warming,1353.14,3,7,10,0.3,35,5,14,1,23.09,20,7,5,0,375000,exposed-infected
IW4,IW4,4,IW4,infection,warming,infection,warming,1205.98,5,7,12,0.416666667,45,6.428571429,14,1,23.57,18,7,3,0,1172500,exposed-infected
IW6,IW6,6,IW6,infection,warming,infection,warming,1263.01,2,5,7,0.285714286,12,2.4,15,1,16.24,18,7,4,0,607500,exposed-infected
IW7,IW7,7,IW7,infection,warming,infection,warming,1306.78,5,1,6,0.833333333,1,1,41,0,21.42,70,6,3,0,0,exposed-uninfected
IW8,IW8,8,IW8,infection,warming,infection,warming,1125.82,7,10,17,0.411764706,24,2.4,9,0,13.11,4,7,4,0,0,exposed-uninfected
IW9,IW9,9,IW9,infection,warming,infection,warming,1278.78,3,12,15,0.2,44,3.666666667,13,1,18.89,14,6,1,0,657500,exposed-infected
IW10,IW10,10,IW10,infection,warming,infection,warming,1393.33,5,8,13,0.384615385,31,3.875,15,1,20.77,23,7,5,0,442500,exposed-infected
IW11,IW11,11,IW11,infection,warming,infection,warming,1462.56,5,4,9,0.555555556,2,0.5,14,1,22.65,20,6,5,0,1155000,exposed-infected
IW12,IW12,12,IW29,infection,warming,infection,warming,1255.7,4,10,14,0.285714286,19,1.9,12,1,19.27,11,7,4,0,2500,exposed-infected
IW13,IW13,13,IW13,infection,warming,infection,warming,1488.97,4,2,6,0.666666667,9,4.5,14,1,24.24,19,6,5,0,1030000,exposed-infected
IW14,IW14,14,IW14,infection,warming,infection,warming,1152.41,3,14,17,0.176470588,35,2.5,13,1,22.44,13,7,1,0,252500,exposed-infected
IW15,IW15,15,IW15,infection,warming,infection,warming,1341.47,8,7,15,0.533333333,15,2.142857143,44,0,19.49,70,7,4,0,0,exposed-uninfected
IW16,IW16,16,IW3,infection,warming,infection,warming,1371.29,3,1,4,0.75,3,3,19,1,19.29,18,7,2,0,2500,exposed-infected
IW17,IW17,17,IW17,infection,warming,infection,warming,1308.41,7,9,16,0.4375,27,3,15,1,17.72,14,7,4,0,17500,exposed-infected
IW18,IW18,18,IW18,infection,warming,infection,warming,1320.15,5,4,9,0.555555556,9,2.25,17,1,19.96,15,7,4,0,52500,exposed-infected
IW19,IW19,19,IW19,infection,warming,infection,warming,1235.5,4,6,10,0.4,9,1.5,12,1,20.38,7,7,2,0,667500,exposed-infected
IW20,IW20,20,IW22,infection,warming,infection,warming,1301.23,0,4,4,0,9,2.25,51,0,21.35,146,7,3,0,0,exposed-uninfected